---
layout: post
title:  "Database 之 Mysql"
date:   2019-07-30
desc: "Mysql"
keywords: "Mysql,8.0"
categories: [Database]
tags: [Database,Mysql]
icon: icon-html
---
# MySQL NULL值处理
1. IS NULL：当查询字段为NULL的时候，返回true
2. IS NOT NULL：当查询字段不为空的时候，返回true
3. <=>：比较操作符，当比较的两个值为null的时候，返回true

```
表中的数据
mysql> select * from test where count is not  null;
+--------+-------+
| author | count |
+--------+-------+
| ytf    |     1 |
+--------+-------+
1 row in set (0.00 sec)
使用方式：
mysql> select * from test where count is null;
+--------+-------+
| author | count |
+--------+-------+
| ytf    |  NULL |
+--------+-------+
1 row in set (0.00 sec)


mysql> select * from test where count is not  null;
+--------+-------+
| author | count |
+--------+-------+
| ytf    |     1 |
+--------+-------+
1 row in set (0.00 sec)

mysql> select * from test where count is not  null;
+--------+-------+
| author | count |
+--------+-------+
| ytf    |     1 |
+--------+-------+
1 row in set (0.00 sec)

```

# MySQL Alter命令
## 作用
删除、修改、添加表字段
#### 添加

```
mysql> alter table test add i int(4) not null;
Query OK, 0 rows affected (0.08 sec)
Records: 0  Duplicates: 0  Warnings: 0
```

#### 修改

```
mysql> alter table test modify i char(4) not null;
Query OK, 2 rows affected (0.07 sec)
Records: 2  Duplicates: 0  Warnings: 0
```

#### 删除

```
mysql> alter table test drop i;
Query OK, 0 rows affected (0.09 sec)
Records: 0  Duplicates: 0  Warnings: 0
```

<br>注意：
<br>如果表中只有一个字段，则无法使用DROP来删除字段

# 临时表
创建临时表

```
mysql> create temporary table temp_test(temp_id varchar(10) not null);
Query OK, 0 rows affected (0.00 sec)
```

插入数据

```
mysql> insert into temp_test set temp_id = 1;
Query OK, 1 row affected (0.00 sec)
```

查看所有的表：当使用show tables查看数据表的时候，无法查看临时表。

```
mysql> show tables;
+----------------+
| Tables_in_test |
+----------------+
| test           |
+----------------+
1 row in set (0.00 sec)
```

然后退出mysql，再进去
<br>查询临时表的数据

```
mysql> select * from temp_test;
ERROR 1146 (42S02): Table 'test.temp_test' doesn't exist
```

MySQL提示数据库表不存在，说明已经被删除。
# 处理重复数据
## 插入
1. insert into：当存在唯一性约束的字段上发生冲突的时候，会直接抛出错误。
2. insert ignore into：与insert into的区别是insert ignore into会忽略数据库中
已经存在的数据，如果没有，就直接插入，如果已经存在，就跳过这条数据。
3. replace into：如果唯一性约束存在的地方存在相同的记录，就先删除，然后再插入。
## 统计
1. 使用distinct过滤重复的数据

```
mysql> select distinct author from test;
+--------+
| author |
+--------+
| ytf    |
+--------+
1 row in set (0.00 sec)

```

# 数据备份
1. select .... into outfile 'path':将查询的数据写入到path指定的路径
2. 导出SQL格式的数据:第一个test为数据库，第二个test为数据库表

```
mysqldump -u root -p test test > dump.txt
```
3. 完整备份数据库，不需要指定表名即可。

# MySQL分表
分表有两种分割方式：垂直分割和水平分割<br>
①：垂直分割<br>
含义：垂直拆分是指数据表列的拆分，把一张列比较多的表拆分为多张表，一般用于拆分大字段和
访问频率低的字段，分离冷热数据。<br>
优点：使得行数据变小，在查询时减少读取的block数，减少IO次数，可以简化表结构，易于维护。<br>
缺点：主键出现冗余，需要管理冗余列，并会引起join操作，也会让事务变得更加复杂。  
②：水平分割<br>
含义：数据表行的拆分。  
原因：当表的数据超过500万行或者表的容量达到10GB时，查询就会变慢。  
```
查看所有数据库容量
select 
table_schema as '数据库',
sum(table_rows) as '记录数',
sum(truncate(data_length/1024/1024, 2)) as '数据容量(MB)',
sum(truncate(index_length/1024/1024, 2)) as '索引容量(MB)'
from information_schema.tables
group by table_schema
order by sum(data_length) desc, sum(index_length) desc;

查看所有数据库各表
select 
table_schema as '数据库',
table_name as '表名',
table_rows as '记录数',
truncate(data_length/1024/1024, 2) as '数据容量(MB)',
truncate(index_length/1024/1024, 2) as '索引容量(MB)'
from information_schema.tables
order by data_length desc, index_length desc;

查看指定数据库容量大小
select 
table_schema as '数据库',
sum(table_rows) as '记录数',
sum(truncate(data_length/1024/1024, 2)) as '数据容量(MB)',
sum(truncate(index_length/1024/1024, 2)) as '索引容量(MB)'
from information_schema.tables
where table_schema='mysql';

查看数据库各表容量大小
select 
table_schema as '数据库',
table_name as '表名',
table_rows as '记录数',
truncate(data_length/1024/1024, 2) as '数据容量(MB)',
truncate(index_length/1024/1024, 2) as '索引容量(MB)'
from information_schema.tables
where table_schema='mysql'
order by data_length desc, index_length desc;
```
优点：水平拆分支持非常大的数据量存储，应用端改造也少。  
缺点：分片事务难以解决，跨界点join性能较差，逻辑复杂。