---
layout: post
title:  "Database 之 Mysql"
date:   2019-07-30
desc: "Mysql"
keywords: "Mysql,8.0"
categories: [Database]
tags: [Database,Mysql]
icon: icon-html
---
# MySQL NULL值处理
1. IS NULL：当查询字段为NULL的时候，返回true
2. IS NOT NULL：当查询字段不为空的时候，返回true
3. <=>：比较操作符，当比较的两个值为null的时候，返回true

```
表中的数据
mysql> select * from test where count is not  null;
+--------+-------+
| author | count |
+--------+-------+
| ytf    |     1 |
+--------+-------+
1 row in set (0.00 sec)
使用方式：
mysql> select * from test where count is null;
+--------+-------+
| author | count |
+--------+-------+
| ytf    |  NULL |
+--------+-------+
1 row in set (0.00 sec)


mysql> select * from test where count is not  null;
+--------+-------+
| author | count |
+--------+-------+
| ytf    |     1 |
+--------+-------+
1 row in set (0.00 sec)

mysql> select * from test where count is not  null;
+--------+-------+
| author | count |
+--------+-------+
| ytf    |     1 |
+--------+-------+
1 row in set (0.00 sec)

```

# MySQL Alter命令
## 作用
删除、修改、添加表字段
#### 添加

```
mysql> alter table test add i int(4) not null;
Query OK, 0 rows affected (0.08 sec)
Records: 0  Duplicates: 0  Warnings: 0
```

#### 修改

```
mysql> alter table test modify i char(4) not null;
Query OK, 2 rows affected (0.07 sec)
Records: 2  Duplicates: 0  Warnings: 0
```

#### 删除

```
mysql> alter table test drop i;
Query OK, 0 rows affected (0.09 sec)
Records: 0  Duplicates: 0  Warnings: 0
```

<br>注意：
<br>如果表中只有一个字段，则无法使用DROP来删除字段

# 临时表
创建临时表

```
mysql> create temporary table temp_test(temp_id varchar(10) not null);
Query OK, 0 rows affected (0.00 sec)
```

插入数据

```
mysql> insert into temp_test set temp_id = 1;
Query OK, 1 row affected (0.00 sec)
```

查看所有的表：当使用show tables查看数据表的时候，无法查看临时表。

```
mysql> show tables;
+----------------+
| Tables_in_test |
+----------------+
| test           |
+----------------+
1 row in set (0.00 sec)
```

然后退出mysql，再进去
<br>查询临时表的数据

```
mysql> select * from temp_test;
ERROR 1146 (42S02): Table 'test.temp_test' doesn't exist
```

MySQL提示数据库表不存在，说明已经被删除。
# 处理重复数据
## 插入
1. insert into：当存在唯一性约束的字段上发生冲突的时候，会直接抛出错误。
2. insert ignore into：与insert into的区别是insert ignore into会忽略数据库中
已经存在的数据，如果没有，就直接插入，如果已经存在，就跳过这条数据。
3. replace into：如果唯一性约束存在的地方存在相同的记录，就先删除，然后再插入。
## 统计
1. 使用distinct过滤重复的数据

```
mysql> select distinct author from test;
+--------+
| author |
+--------+
| ytf    |
+--------+
1 row in set (0.00 sec)

```

# 数据备份
1. select .... into outfile 'path':将查询的数据写入到path指定的路径
2. 导出SQL格式的数据:第一个test为数据库，第二个test为数据库表

```
mysqldump -u root -p test test > dump.txt
```

3. 完整备份数据库，不需要指定表名即可。