---
layout: post
title:  "Database 之 Mysql"
date:   2019-07-30
desc: "Mysql"
keywords: "Mysql,8.0"
categories: [Database]
tags: [Database,Mysql]
icon: icon-html
---
# MySQL NULL值处理
1. IS NULL：当查询字段为NULL的时候，返回true
2. IS NOT NULL：当查询字段不为空的时候，返回true
3. <=>：比较操作符，当比较的两个值为null的时候，返回true
```
表中的数据
mysql> select * from test where count is not  null;
+--------+-------+
| author | count |
+--------+-------+
| ytf    |     1 |
+--------+-------+
1 row in set (0.00 sec)
使用方式：
mysql> select * from test where count is null;
+--------+-------+
| author | count |
+--------+-------+
| ytf    |  NULL |
+--------+-------+
1 row in set (0.00 sec)


mysql> select * from test where count is not  null;
+--------+-------+
| author | count |
+--------+-------+
| ytf    |     1 |
+--------+-------+
1 row in set (0.00 sec)

mysql> select * from test where count is not  null;
+--------+-------+
| author | count |
+--------+-------+
| ytf    |     1 |
+--------+-------+
1 row in set (0.00 sec)

```
# MySQL Alter命令
## 作用
删除、修改、添加表字段
#### 添加
```
mysql> alter table test add i int(4) not null;
Query OK, 0 rows affected (0.08 sec)
Records: 0  Duplicates: 0  Warnings: 0
```
#### 修改
```
mysql> alter table test modify i char(4) not null;
Query OK, 2 rows affected (0.07 sec)
Records: 2  Duplicates: 0  Warnings: 0
```
#### 删除
```
mysql> alter table test drop i;
Query OK, 0 rows affected (0.09 sec)
Records: 0  Duplicates: 0  Warnings: 0
```
<br>注意：
<br>如果表中只有一个字段，则无法使用DROP来删除字段


